step_index,temperature,route_length,best_route_length,accepted,uphill_move_accepted,gap_to_optimum
0,6.0,38.638129447175274,38.638129447175274,1,0,15.861083913034697
1,5.982,38.63812944717528,38.638129447175274,1,1,15.861083913034697
2,5.964054,39.795489185100784,38.638129447175274,1,1,15.861083913034697
3,5.946161838,45.20315714716227,38.638129447175274,1,1,15.861083913034697
4,5.928323352486,46.35533299973234,38.638129447175274,1,1,15.861083913034697
5,5.910538382428542,48.419941078179946,38.638129447175274,1,1,15.861083913034697
6,5.8928067672812565,46.660123979388956,38.638129447175274,1,0,15.861083913034697
7,5.875128346979412,44.333730489606424,38.638129447175274,1,0,15.861083913034697
8,5.857502961938474,44.46699679572234,38.638129447175274,1,1,15.861083913034697
9,5.839930453052658,43.350342597066614,38.638129447175274,1,0,15.861083913034697
10,5.822410661693501,44.15377202785128,38.638129447175274,1,1,15.861083913034697
11,5.804943429708421,37.489959076460174,37.489959076460174,1,0,14.712913542319598
12,5.787528599419295,39.316566787688224,37.489959076460174,1,1,14.712913542319598
13,5.770166013621036,37.380964445691035,37.380964445691035,1,0,14.603918911550458
14,5.752855515580174,37.380964445691035,37.380964445691035,0,0,14.603918911550458
15,5.735596949033434,38.00598282000859,37.380964445691035,1,1,14.603918911550458
16,5.718390158186333,40.798075390929746,37.380964445691035,1,1,14.603918911550458
17,5.701234987711774,37.92385924203944,37.380964445691035,1,0,14.603918911550458
18,5.684131282748639,32.312442296543125,32.312442296543125,1,0,9.535396762402549
19,5.667078888900393,32.312442296543125,32.312442296543125,0,0,9.535396762402549
20,5.6500776522336915,31.13855396572425,31.13855396572425,1,0,8.361508431583673
21,5.633127419276991,31.13855396572425,31.13855396572425,0,0,8.361508431583673
22,5.616228037019159,35.61859281912645,31.13855396572425,1,1,8.361508431583673
23,5.599379352908102,40.55356810953006,31.13855396572425,1,1,8.361508431583673
24,5.582581214849378,36.66048036469504,31.13855396572425,1,0,8.361508431583673
25,5.565833471204829,36.66048036469504,31.13855396572425,0,0,8.361508431583673
26,5.549135970791215,36.66048036469504,31.13855396572425,0,0,8.361508431583673
27,5.532488562878841,36.69138793071991,31.13855396572425,1,1,8.361508431583673
28,5.515891097190204,36.66048036469505,31.13855396572425,1,0,8.361508431583673
29,5.499343423898634,36.66048036469505,31.13855396572425,0,0,8.361508431583673
30,5.482845393626938,36.66048036469504,31.13855396572425,1,0,8.361508431583673
31,5.466396857446058,36.66048036469504,31.13855396572425,0,0,8.361508431583673
32,5.449997666873719,36.66048036469504,31.13855396572425,0,0,8.361508431583673
33,5.433647673873098,36.66048036469504,31.13855396572425,0,0,8.361508431583673
34,5.417346730851479,38.464497118542965,31.13855396572425,1,1,8.361508431583673
35,5.401094690658924,37.61299264773191,31.13855396572425,1,0,8.361508431583673
36,5.384891406586947,37.61299264773191,31.13855396572425,0,0,8.361508431583673
37,5.368736732367187,37.43434584311891,31.13855396572425,1,0,8.361508431583673
38,5.352630522170085,40.38783480324492,31.13855396572425,1,1,8.361508431583673
39,5.336572630603575,41.30569666835791,31.13855396572425,1,1,8.361508431583673
40,5.320562912711765,42.67124226846821,31.13855396572425,1,1,8.361508431583673
41,5.304601223973629,41.75338040335523,31.13855396572425,1,0,8.361508431583673
42,5.288687420301708,40.773115111670606,31.13855396572425,1,0,8.361508431583673
43,5.272821358040803,43.63008912682865,31.13855396572425,1,1,8.361508431583673
44,5.25700289396668,41.65196070643922,31.13855396572425,1,0,8.361508431583673
45,5.24123188528478,43.63008912682865,31.13855396572425,1,1,8.361508431583673
46,5.2255081896289255,41.291662109501516,31.13855396572425,1,0,8.361508431583673
47,5.209831665060039,43.63008912682865,31.13855396572425,1,1,8.361508431583673
48,5.194202170064859,43.12993258303601,31.13855396572425,1,0,8.361508431583673
49,5.178619563554665,43.308579387649004,31.13855396572425,1,1,8.361508431583673
50,5.163083704864,43.308579387649004,31.13855396572425,0,0,8.361508431583673
51,5.1475944537494085,44.36595150737918,31.13855396572425,1,1,8.361508431583673
52,5.1321516703881604,42.90905930394658,31.13855396572425,1,0,8.361508431583673
53,5.116755215376996,38.753999165278785,31.13855396572425,1,0,8.361508431583673
54,5.101404949730865,35.89702515012075,31.13855396572425,1,0,8.361508431583673
55,5.086100734881672,33.545298588720144,31.13855396572425,1,0,8.361508431583673
56,5.070842432677027,35.57361110454518,31.13855396572425,1,1,8.361508431583673
57,5.055629905378996,39.86268287495177,31.13855396572425,1,1,8.361508431583673
58,5.0404630156628585,37.534424191356244,31.13855396572425,1,0,8.361508431583673
59,5.02534162661587,37.5112576658671,31.13855396572425,1,0,8.361508431583673
60,5.010265601736022,34.7780197281426,31.13855396572425,1,0,8.361508431583673
61,4.995234804930815,38.17242598350029,31.13855396572425,1,1,8.361508431583673
62,4.980249100516022,35.22176426750096,31.13855396572425,1,0,8.361508431583673
63,4.965308353214474,38.700196461111275,31.13855396572425,1,1,8.361508431583673
64,4.950412428154831,42.17160549879811,31.13855396572425,1,1,8.361508431583673
65,4.9355611908703665,42.17160549879811,31.13855396572425,1,0,8.361508431583673
66,4.9207545072977545,42.1716054987981,31.13855396572425,1,0,8.361508431583673
67,4.905992243775861,43.81296535551139,31.13855396572425,1,1,8.361508431583673
68,4.891274267044534,45.877573433959,31.13855396572425,1,1,8.361508431583673
69,4.876600444243401,43.24345580653811,31.13855396572425,1,0,8.361508431583673
70,4.861970642910671,41.41506826670992,31.13855396572425,1,0,8.361508431583673
71,4.847384730981938,41.00020110306936,31.13855396572425,1,0,8.361508431583673
72,4.832842576788993,41.00020110306936,31.13855396572425,0,0,8.361508431583673
73,4.818344049058625,39.928769337783265,31.13855396572425,1,0,8.361508431583673
74,4.80388901691145,40.803312838331514,31.13855396572425,1,1,8.361508431583673
75,4.789477349860715,34.15045770349873,31.13855396572425,1,0,8.361508431583673
76,4.775108917811133,34.15045770349873,31.13855396572425,1,0,8.361508431583673
77,4.7607835910577,34.10132792863773,31.13855396572425,1,0,8.361508431583673
78,4.746501240284527,34.10132792863773,31.13855396572425,0,0,8.361508431583673
79,4.732261736563673,31.973015636636145,31.13855396572425,1,0,8.361508431583673
80,4.718064951353982,31.973015636636145,31.13855396572425,0,0,8.361508431583673
81,4.70391075649992,31.973015636636145,31.13855396572425,0,0,8.361508431583673
82,4.689799024230421,31.973015636636145,31.13855396572425,0,0,8.361508431583673
83,4.675729627157729,31.973015636636145,31.13855396572425,0,0,8.361508431583673
84,4.661702438276256,33.23090188009554,31.13855396572425,1,1,8.361508431583673
85,4.647717330961427,35.569328897422665,31.13855396572425,1,1,8.361508431583673
86,4.633774178968543,37.3001503703496,31.13855396572425,1,1,8.361508431583673
87,4.619872856431638,35.569328897422665,31.13855396572425,1,0,8.361508431583673
88,4.606013237862342,37.53786575032076,31.13855396572425,1,1,8.361508431583673
89,4.592195198148755,37.53786575032076,31.13855396572425,0,0,8.361508431583673
90,4.578418612554309,37.53786575032076,31.13855396572425,0,0,8.361508431583673
91,4.564683356716646,38.11986534656581,31.13855396572425,1,1,8.361508431583673
92,4.550989306646496,36.091552830740774,31.13855396572425,1,0,8.361508431583673
93,4.537336338726556,32.77973334557093,31.13855396572425,1,0,8.361508431583673
94,4.523724329710377,29.987640774649766,29.987640774649766,1,0,7.210595240509189
95,4.510153156721246,29.987640774649766,29.987640774649766,0,0,7.210595240509189
96,4.496622697251082,31.99607688830922,29.987640774649766,1,1,7.210595240509189
97,4.483132829159329,29.987640774649766,29.987640774649766,1,0,7.210595240509189
98,4.46968343067185,29.987640774649766,29.987640774649766,0,0,7.210595240509189
99,4.456274380379835,29.987640774649766,29.987640774649766,0,0,7.210595240509189
100,4.442905557238696,32.40501412681114,29.987640774649766,1,1,7.210595240509189
101,4.4295768405669795,32.40501412681114,29.987640774649766,0,0,7.210595240509189
102,4.416288110045278,31.42474883512652,29.987640774649766,1,0,7.210595240509189
103,4.403039245715142,31.42474883512652,29.987640774649766,0,0,7.210595240509189
104,4.389830127977997,31.42474883512652,29.987640774649766,0,0,7.210595240509189
105,4.376660637594064,29.95475275517567,29.95475275517567,1,0,7.177707221035092
106,4.363530655681281,32.241246889562,29.95475275517567,1,1,7.177707221035092
107,4.350440063714237,32.17619160540126,29.95475275517567,1,0,7.177707221035092
108,4.3373887435230944,31.87824054879669,29.95475275517567,1,0,7.177707221035092
109,4.324376577292525,40.771526932379224,29.95475275517567,1,1,7.177707221035092
110,4.3114034475606475,40.771526932379224,29.95475275517567,0,0,7.177707221035092
111,4.298469237217966,41.88977252170121,29.95475275517567,1,1,7.177707221035092
112,4.285573829506312,42.947144641431386,29.95475275517567,1,1,7.177707221035092
113,4.272717108017793,47.054944766199235,29.95475275517567,1,1,7.177707221035092
114,4.259898956693739,46.725539179334085,29.95475275517567,1,0,7.177707221035092
115,4.247119259823658,46.609875181556895,29.95475275517567,1,0,7.177707221035092
116,4.234377902044187,39.96578657254712,29.95475275517567,1,0,7.177707221035092
117,4.221674768338055,39.49499880824763,29.95475275517567,1,0,7.177707221035092
118,4.2090097440330405,40.30553874883388,29.95475275517567,1,1,7.177707221035092
119,4.196382714800942,40.305538748833875,29.95475275517567,1,0,7.177707221035092
120,4.183793566656538,36.52749510127864,29.95475275517567,1,0,7.177707221035092
121,4.171242185956569,36.63392944069625,29.95475275517567,1,1,7.177707221035092
122,4.1587284593986995,36.63392944069625,29.95475275517567,0,0,7.177707221035092
123,4.146252274020503,39.19114664635137,29.95475275517567,1,1,7.177707221035092
124,4.133813517198441,35.822984229126675,29.95475275517567,1,0,7.177707221035092
125,4.1214120766468465,35.329404770120746,29.95475275517567,1,0,7.177707221035092
126,4.109047840416906,33.4013997029639,29.95475275517567,1,0,7.177707221035092
127,4.096720696895655,38.0641927764853,29.95475275517567,1,1,7.177707221035092
128,4.084430534804968,38.8557232920958,29.95475275517567,1,1,7.177707221035092
129,4.072177243200553,38.8557232920958,29.95475275517567,0,0,7.177707221035092
130,4.059960711470951,41.65327965997554,29.95475275517567,1,1,7.177707221035092
131,4.0477808293365385,38.81205731419338,29.95475275517567,1,0,7.177707221035092
132,4.035637486848529,35.10596733618804,29.95475275517567,1,0,7.177707221035092
133,4.0235305743879834,35.10596733618804,29.95475275517567,0,0,7.177707221035092
134,4.011459982664819,35.10596733618804,29.95475275517567,0,0,7.177707221035092
135,3.9994256027168245,35.19847435371512,29.95475275517567,1,1,7.177707221035092
136,3.9874273259086745,33.21827473851058,29.95475275517567,1,0,7.177707221035092
137,3.9754650439309485,31.173005534715045,29.95475275517567,1,0,7.177707221035092
138,3.9635386487991555,31.728404454217536,29.95475275517567,1,1,7.177707221035092
139,3.9516480328527575,31.728404454217536,29.95475275517567,0,0,7.177707221035092
140,3.9397930887541994,33.914691913542846,29.95475275517567,1,1,7.177707221035092
141,3.927973709487937,29.932142552494177,29.932142552494177,1,0,7.155097018353601
142,3.916189788359473,29.932142552494177,29.932142552494177,0,0,7.155097018353601
143,3.9044412189943944,29.932142552494177,29.932142552494177,0,0,7.155097018353601
144,3.8927278953374116,29.932142552494177,29.932142552494177,0,0,7.155097018353601
145,3.8810497116513996,32.87062669989973,29.932142552494177,1,1,7.155097018353601
146,3.869406562516445,33.79902791576565,29.932142552494177,1,1,7.155097018353601
147,3.8577983428288958,33.79902791576565,29.932142552494177,0,0,7.155097018353601
148,3.846224947800409,38.822391896583746,29.932142552494177,1,1,7.155097018353601
149,3.8346862729570077,38.822391896583746,29.932142552494177,1,0,7.155097018353601
150,3.8231822141381366,38.822391896583746,29.932142552494177,0,0,7.155097018353601
151,3.8117126674957222,36.77712269278822,29.932142552494177,1,0,7.155097018353601
152,3.8002775294932354,32.107512807177876,29.932142552494177,1,0,7.155097018353601
153,3.7888766969047554,32.441533481074956,29.932142552494177,1,1,7.155097018353601
154,3.7775100668140413,28.458984120026287,28.458984120026287,1,0,5.68193858588571
155,3.766177536613599,28.458984120026287,28.458984120026287,0,0,5.68193858588571
156,3.7548790040037585,31.37220448568322,28.458984120026287,1,1,5.68193858588571
157,3.743614366991747,34.22917850084126,28.458984120026287,1,1,5.68193858588571
158,3.7323835238907717,34.22917850084126,28.458984120026287,0,0,5.68193858588571
159,3.7211863733190995,33.71651102233119,28.458984120026287,1,0,5.68193858588571
160,3.7100228141991423,33.71651102233119,28.458984120026287,1,0,5.68193858588571
161,3.6988927457565444,33.71651102233119,28.458984120026287,0,0,5.68193858588571
162,3.687796067519275,31.484532918202856,28.458984120026287,1,0,5.68193858588571
163,3.6767326793167174,32.22972717408865,28.458984120026287,1,1,5.68193858588571
164,3.665702481278767,32.40837397870165,28.458984120026287,1,1,5.68193858588571
165,3.654705373834931,35.33491315544582,28.458984120026287,1,1,5.68193858588571
166,3.643741257713426,38.041154529803734,28.458984120026287,1,1,5.68193858588571
167,3.6328100339402853,38.041154529803734,28.458984120026287,0,0,5.68193858588571
168,3.621911603838465,38.041154529803734,28.458984120026287,0,0,5.68193858588571
169,3.6110458690269494,35.702727512476606,28.458984120026287,1,0,5.68193858588571
170,3.600212731419868,37.529335223704656,28.458984120026287,1,1,5.68193858588571
171,3.589412093225609,37.529335223704656,28.458984120026287,0,0,5.68193858588571
172,3.5786438569459316,37.529335223704656,28.458984120026287,0,0,5.68193858588571
173,3.5679079253750943,37.529335223704656,28.458984120026287,0,0,5.68193858588571
174,3.5572042015989687,33.58266995041714,28.458984120026287,1,0,5.68193858588571
175,3.5465325889941726,30.27085046524729,28.458984120026287,1,0,5.68193858588571
176,3.5358929912271897,30.27085046524729,28.458984120026287,0,0,5.68193858588571
177,3.5252853122535077,30.83549583115364,28.458984120026287,1,1,5.68193858588571
178,3.514709456316748,30.83549583115364,28.458984120026287,0,0,5.68193858588571
179,3.5041653279477973,30.83549583115364,28.458984120026287,0,0,5.68193858588571
180,3.4936528319639537,30.83549583115364,28.458984120026287,0,0,5.68193858588571
181,3.483171873468062,28.969170961344048,28.458984120026287,1,0,5.68193858588571
182,3.472722357847658,28.969170961344044,28.458984120026287,1,0,5.68193858588571
183,3.4623041907741148,28.969170961344044,28.458984120026287,0,0,5.68193858588571
184,3.451917278201792,29.89757217720997,28.458984120026287,1,1,5.68193858588571
185,3.4415615263671873,29.89757217720997,28.458984120026287,0,0,5.68193858588571
186,3.4312368417880856,29.89757217720997,28.458984120026287,0,0,5.68193858588571
187,3.420943131262721,34.22209924694768,28.458984120026287,1,1,5.68193858588571
188,3.410680301868933,34.22209924694768,28.458984120026287,0,0,5.68193858588571
189,3.4004482609633264,34.22209924694768,28.458984120026287,1,0,5.68193858588571
190,3.3902469161804363,33.788129808495995,28.458984120026287,1,0,5.68193858588571
191,3.380076175431895,33.788129808495995,28.458984120026287,0,0,5.68193858588571
192,3.369935946905599,32.597534271553606,28.458984120026287,1,0,5.68193858588571
193,3.3598261390648823,32.597534271553606,28.458984120026287,0,0,5.68193858588571
194,3.349746660647688,37.78473067713079,28.458984120026287,1,1,5.68193858588571
195,3.339697420665744,32.597534271553606,28.458984120026287,1,0,5.68193858588571
196,3.3296783284037472,32.597534271553606,28.458984120026287,0,0,5.68193858588571
197,3.319689293418536,28.045768278270412,28.045768278270412,1,0,5.268722744129835
198,3.3097302255382806,31.9261514942945,28.045768278270412,1,1,5.268722744129835
199,3.299801034861666,31.9261514942945,28.045768278270412,0,0,5.268722744129835
200,3.289901631757081,28.045768278270412,28.045768278270412,1,0,5.268722744129835
201,3.2800319268618097,28.045768278270412,28.045768278270412,0,0,5.268722744129835
202,3.270191831081224,34.493706810184364,28.045768278270412,1,1,5.268722744129835
203,3.26038125558798,34.493706810184364,28.045768278270412,0,0,5.268722744129835
204,3.2506001118212158,34.493706810184364,28.045768278270412,0,0,5.268722744129835
205,3.2408483114857525,32.55519609053963,28.045768278270412,1,0,5.268722744129835
206,3.231125766551295,32.55519609053963,28.045768278270412,0,0,5.268722744129835
207,3.2214323892516417,37.382956578774234,28.045768278270412,1,1,5.268722744129835
208,3.2117680920838865,36.57241663818799,28.045768278270412,1,0,5.268722744129835
209,3.202132787807635,36.57241663818799,28.045768278270412,1,0,5.268722744129835
210,3.192526389444212,37.76301217513038,28.045768278270412,1,1,5.268722744129835
211,3.18294881027588,37.76301217513038,28.045768278270412,0,0,5.268722744129835
212,3.1733999638450516,38.92059096992157,28.045768278270412,1,1,5.268722744129835
213,3.163879763953517,38.92059096992157,28.045768278270412,0,0,5.268722744129835
214,3.154388124661656,38.92059096992157,28.045768278270412,0,0,5.268722744129835
215,3.1449249602876708,38.92059096992157,28.045768278270412,0,0,5.268722744129835
216,3.135490185406808,42.23241045509142,28.045768278270412,1,1,5.268722744129835
217,3.126083714850588,39.88246372229094,28.045768278270412,1,0,5.268722744129835
218,3.116705463706036,36.53457461982859,28.045768278270412,1,0,5.268722744129835
219,3.1073553473149174,35.417109493257996,28.045768278270412,1,0,5.268722744129835
220,3.098033281272973,35.35015672788791,28.045768278270412,1,0,5.268722744129835
221,3.088739181429154,35.35015672788791,28.045768278270412,0,0,5.268722744129835
222,3.0794729638848666,38.30081844388722,28.045768278270412,1,1,5.268722744129835
223,3.0702345449932116,37.382956578774234,28.045768278270412,1,0,5.268722744129835
224,3.0610238413582325,34.58856016182883,28.045768278270412,1,0,5.268722744129835
225,3.0518407698341576,31.905312759546938,28.045768278270412,1,0,5.268722744129835
226,3.0426852475246555,32.985115011105215,28.045768278270412,1,1,5.268722744129835
227,3.033557191782081,34.7808151563084,28.045768278270412,1,1,5.268722744129835
228,3.024456520206735,34.7808151563084,28.045768278270412,0,0,5.268722744129835
229,3.015383150646115,35.49176150326536,28.045768278270412,1,1,5.268722744129835
230,3.0063370011941766,35.49176150326536,28.045768278270412,0,0,5.268722744129835
231,2.9973179901905938,35.60680560054514,28.045768278270412,1,1,5.268722744129835
232,2.988326036220022,34.330885858029525,28.045768278270412,1,0,5.268722744129835
233,2.979361058111362,34.330885858029525,28.045768278270412,0,0,5.268722744129835
234,2.9704229749370277,34.330885858029525,28.045768278270412,1,0,5.268722744129835
235,2.961511706012217,31.263386167424933,28.045768278270412,1,0,5.268722744129835
236,2.9526271708941803,31.263386167424933,28.045768278270412,0,0,5.268722744129835
237,2.9437692893814975,31.263386167424933,28.045768278270412,0,0,5.268722744129835
238,2.934937981513353,39.710259160038916,28.045768278270412,1,1,5.268722744129835
239,2.926133167568813,39.145613794132565,28.045768278270412,1,0,5.268722744129835
240,2.9173547680661063,37.40647893410233,28.045768278270412,1,0,5.268722744129835
241,2.908602703761908,35.67565746117539,28.045768278270412,1,0,5.268722744129835
242,2.8998768956506225,34.95362973077873,28.045768278270412,1,0,5.268722744129835
243,2.8911772649636704,26.998154697279112,26.998154697279112,1,0,4.221109163138536
244,2.8825037331687793,26.998154697279112,26.998154697279112,0,0,4.221109163138536
245,2.873856221969273,26.998154697279112,26.998154697279112,0,0,4.221109163138536
246,2.8652346533033652,26.998154697279112,26.998154697279112,0,0,4.221109163138536
247,2.856638949343455,26.998154697279112,26.998154697279112,0,0,4.221109163138536
248,2.8480690324954248,26.998154697279112,26.998154697279112,0,0,4.221109163138536
249,2.839524825397939,26.998154697279112,26.998154697279112,0,0,4.221109163138536
250,2.831006250921745,29.349881258679716,26.998154697279112,1,1,4.221109163138536
251,2.8225132321689794,31.616242434763024,26.998154697279112,1,1,4.221109163138536
252,2.8140456924724724,31.616242434763024,26.998154697279112,0,0,4.221109163138536
253,2.805603555395055,31.681297718923762,26.998154697279112,1,1,4.221109163138536
254,2.79718674472887,33.89582444543839,26.998154697279112,1,1,4.221109163138536
255,2.7887951844946834,37.45749097031689,26.998154697279112,1,1,4.221109163138536
256,2.780428798941199,37.45749097031689,26.998154697279112,0,0,4.221109163138536
257,2.772087512544376,35.07147462022391,26.998154697279112,1,0,4.221109163138536
258,2.7637712500067426,31.79408265698762,26.998154697279112,1,0,4.221109163138536
259,2.7554799362567226,33.951197752962315,26.998154697279112,1,1,4.221109163138536
260,2.747213496447952,33.951197752962315,26.998154697279112,0,0,4.221109163138536
261,2.7389718559586083,36.97169749605832,26.998154697279112,1,1,4.221109163138536
262,2.7307549403907325,34.955420361075504,26.998154697279112,1,0,4.221109163138536
263,2.72256267556956,34.31798771493371,26.998154697279112,1,0,4.221109163138536
264,2.7143949875428515,36.24599278209055,26.998154697279112,1,1,4.221109163138536
265,2.706251802580223,34.31798771493371,26.998154697279112,1,0,4.221109163138536
266,2.6981330471724823,35.68933277363521,26.998154697279112,1,1,4.221109163138536
267,2.690038648030965,35.39138171703063,26.998154697279112,1,0,4.221109163138536
268,2.6819685320868722,35.39138171703064,26.998154697279112,1,1,4.221109163138536
269,2.6739226264906115,35.39138171703064,26.998154697279112,0,0,4.221109163138536
270,2.6659008586111392,35.39138171703064,26.998154697279112,0,0,4.221109163138536
271,2.657903156035306,35.39138171703064,26.998154697279112,0,0,4.221109163138536
272,2.6499294465672003,35.39138171703064,26.998154697279112,0,0,4.221109163138536
273,2.641979658227499,36.84169263787805,26.998154697279112,1,1,4.221109163138536
274,2.634053719252816,36.43778329079581,26.998154697279112,1,0,4.221109163138536
275,2.6261515580950574,39.494703697547784,26.998154697279112,1,1,4.221109163138536
276,2.6182731034207727,39.494703697547784,26.998154697279112,0,0,4.221109163138536
277,2.6104182841105104,39.56098575481121,26.998154697279112,1,1,4.221109163138536
278,2.6025870292581788,38.53237786388427,26.998154697279112,1,0,4.221109163138536
279,2.594779268170404,40.30032500043969,26.998154697279112,1,1,4.221109163138536
280,2.5869949303658926,40.19311019827068,26.998154697279112,1,0,4.221109163138536
281,2.5792339455747952,36.38627126203761,26.998154697279112,1,0,4.221109163138536
282,2.571496243738071,35.664243531640956,26.998154697279112,1,0,4.221109163138536
283,2.5637817550068567,35.664243531640956,26.998154697279112,0,0,4.221109163138536
284,2.556090409741836,35.664243531640956,26.998154697279112,0,0,4.221109163138536
285,2.5484221385126102,35.664243531640956,26.998154697279112,0,0,4.221109163138536
286,2.5407768720970725,35.66424353164095,26.998154697279112,1,0,4.221109163138536
287,2.5331545414807812,33.2559532138876,26.998154697279112,1,0,4.221109163138536
288,2.525555077856339,37.03399686144283,26.998154697279112,1,1,4.221109163138536
289,2.51797841262277,37.03399686144283,26.998154697279112,0,0,4.221109163138536
290,2.510424477384902,35.08621695085186,26.998154697279112,1,0,4.221109163138536
291,2.502893203952747,35.08621695085186,26.998154697279112,0,0,4.221109163138536
292,2.4953845243408885,36.19443736129315,26.998154697279112,1,1,4.221109163138536
293,2.4878983707678657,31.62356909319883,26.998154697279112,1,0,4.221109163138536
294,2.4804346756555624,29.795181553370654,26.998154697279112,1,0,4.221109163138536
295,2.4729933716285957,29.795181553370654,26.998154697279112,0,0,4.221109163138536
296,2.46557439151371,27.983966282099093,26.998154697279112,1,0,4.221109163138536
297,2.458177668339169,27.983966282099093,26.998154697279112,0,0,4.221109163138536
298,2.450803135334151,27.983966282099093,26.998154697279112,0,0,4.221109163138536
299,2.443450725928149,30.623925599193587,26.998154697279112,1,1,4.221109163138536
300,2.4361203737503643,30.623925599193587,26.998154697279112,0,0,4.221109163138536
301,2.4288120126291135,30.623925599193587,26.998154697279112,0,0,4.221109163138536
302,2.4215255765912262,30.623925599193587,26.998154697279112,1,0,4.221109163138536
303,2.4142609998614524,30.623925599193587,26.998154697279112,1,0,4.221109163138536
304,2.407018216861868,30.623925599193587,26.998154697279112,0,0,4.221109163138536
305,2.399797162211282,30.623925599193587,26.998154697279112,1,0,4.221109163138536
306,2.3925977707246484,30.623925599193587,26.998154697279112,1,0,4.221109163138536
307,2.3854199774124742,30.623925599193587,26.998154697279112,0,0,4.221109163138536
308,2.378263717480237,34.60647496024225,26.998154697279112,1,1,4.221109163138536
309,2.3711289263277964,32.38693359122601,26.998154697279112,1,0,4.221109163138536
310,2.364015539548813,32.38693359122601,26.998154697279112,0,0,4.221109163138536
311,2.3569234929301666,32.38693359122601,26.998154697279112,0,0,4.221109163138536
312,2.349852722451376,33.36719888291064,26.998154697279112,1,1,4.221109163138536
313,2.342803164284022,33.36719888291064,26.998154697279112,0,0,4.221109163138536
314,2.33577475479117,33.36719888291064,26.998154697279112,0,0,4.221109163138536
315,2.3287674305267965,33.36719888291064,26.998154697279112,0,0,4.221109163138536
316,2.321781128235216,33.03317820901356,26.998154697279112,1,0,4.221109163138536
317,2.31481578485051,33.03317820901356,26.998154697279112,1,0,4.221109163138536
318,2.3078713374959587,33.14504497228146,26.998154697279112,1,1,4.221109163138536
319,2.3009477234834708,31.696040548873352,26.998154697279112,1,0,4.221109163138536
320,2.2940448803130202,30.587820138432065,26.998154697279112,1,0,4.221109163138536
321,2.2871627456720813,31.82208157326207,26.998154697279112,1,1,4.221109163138536
322,2.280301257435065,31.85815119055458,26.998154697279112,1,1,4.221109163138536
323,2.27346035366276,31.85815119055458,26.998154697279112,0,0,4.221109163138536
324,2.266639972601771,31.82208157326207,26.998154697279112,1,0,4.221109163138536
325,2.259840052683966,29.82970875737662,26.998154697279112,1,0,4.221109163138536
326,2.2530605325259145,29.39955421228374,26.998154697279112,1,0,4.221109163138536
327,2.2463013509283365,32.2407765580659,26.998154697279112,1,1,4.221109163138536
328,2.2395624468755515,28.979136264205486,26.998154697279112,1,0,4.221109163138536
329,2.2328437595349246,29.923331938597602,26.998154697279112,1,1,4.221109163138536
330,2.2261452282563203,29.923331938597602,26.998154697279112,0,0,4.221109163138536
331,2.219466792571551,29.923331938597602,26.998154697279112,0,0,4.221109163138536
332,2.2128083921938364,29.923331938597602,26.998154697279112,0,0,4.221109163138536
333,2.206169967017255,30.988198206631072,26.998154697279112,1,1,4.221109163138536
334,2.199551457116203,30.98819820663107,26.998154697279112,1,0,4.221109163138536
335,2.1929528027448546,28.90221819597395,26.998154697279112,1,0,4.221109163138536
336,2.18637394433662,32.578299106490086,26.998154697279112,1,1,4.221109163138536
337,2.1798148225036105,32.578299106490086,26.998154697279112,0,0,4.221109163138536
338,2.1732753780360996,32.57829910649009,26.998154697279112,1,1,4.221109163138536
339,2.166755551901991,32.578299106490086,26.998154697279112,1,0,4.221109163138536
340,2.160255285246285,32.39831667855766,26.998154697279112,1,0,4.221109163138536
341,2.153774519390546,34.671486033680765,26.998154697279112,1,1,4.221109163138536
342,2.1473131958323743,35.48884278635596,26.998154697279112,1,1,4.221109163138536
343,2.1408712562448775,34.54464711196384,26.998154697279112,1,0,4.221109163138536
344,2.134448642476143,34.54464711196384,26.998154697279112,0,0,4.221109163138536
345,2.128045296548714,34.54464711196384,26.998154697279112,0,0,4.221109163138536
346,2.121661160659068,33.727290359288645,26.998154697279112,1,0,4.221109163138536
347,2.115296177177091,35.26566531482281,26.998154697279112,1,1,4.221109163138536
348,2.1089502886455596,35.26566531482281,26.998154697279112,1,0,4.221109163138536
349,2.102623437779623,35.26566531482281,26.998154697279112,0,0,4.221109163138536
350,2.096315567466284,35.26566531482281,26.998154697279112,0,0,4.221109163138536
351,2.090026620763885,32.3042296963978,26.998154697279112,1,0,4.221109163138536
352,2.083756540901594,32.3042296963978,26.998154697279112,0,0,4.221109163138536
353,2.0775052712788886,33.361601816127965,26.998154697279112,1,1,4.221109163138536
354,2.0712727554650523,35.62796299221127,26.998154697279112,1,1,4.221109163138536
355,2.065058937198657,36.60133090435194,26.998154697279112,1,1,4.221109163138536
356,2.058863760387061,36.60133090435194,26.998154697279112,0,0,4.221109163138536
357,2.0526871691058997,33.61395152540967,26.998154697279112,1,0,4.221109163138536
358,2.046529107598582,33.61395152540967,26.998154697279112,0,0,4.221109163138536
359,2.0403895202757862,33.08771840249622,26.998154697279112,1,0,4.221109163138536
360,2.0342683517149593,35.773143472852624,26.998154697279112,1,1,4.221109163138536
361,2.028165546659814,36.102549059717774,26.998154697279112,1,1,4.221109163138536
362,2.0220810500198345,36.10254905971778,26.998154697279112,1,1,4.221109163138536
363,2.016014806869775,37.1622000119309,26.998154697279112,1,1,4.221109163138536
364,2.009966762449166,38.5768753869022,26.998154697279112,1,1,4.221109163138536
365,2.0039368621618183,38.5768753869022,26.998154697279112,0,0,4.221109163138536
366,1.9979250515753328,41.64413399852378,26.998154697279112,1,1,4.221109163138536
367,1.991931276420607,41.64413399852378,26.998154697279112,0,0,4.221109163138536
368,1.985955482591345,40.66386870683915,26.998154697279112,1,0,4.221109163138536
369,1.9799976161435708,40.66386870683915,26.998154697279112,0,0,4.221109163138536
370,1.9740576232951401,40.66386870683915,26.998154697279112,0,0,4.221109163138536
371,1.9681354504252546,41.64413399852378,26.998154697279112,1,1,4.221109163138536
372,1.9622310440739792,41.64413399852378,26.998154697279112,0,0,4.221109163138536
373,1.956344350941757,38.5768753869022,26.998154697279112,1,0,4.221109163138536
374,1.950475317888932,36.20821012216459,26.998154697279112,1,0,4.221109163138536
375,1.9446238919352652,36.20821012216459,26.998154697279112,1,0,4.221109163138536
376,1.9387900202594595,36.20821012216459,26.998154697279112,1,0,4.221109163138536
377,1.9329736501986807,36.20821012216459,26.998154697279112,0,0,4.221109163138536
378,1.927174729248085,33.01876434128694,26.998154697279112,1,0,4.221109163138536
379,1.9213932050603406,33.01876434128694,26.998154697279112,0,0,4.221109163138536
380,1.9156290254451596,33.01876434128694,26.998154697279112,0,0,4.221109163138536
381,1.909882138368824,32.09036312542102,26.998154697279112,1,0,4.221109163138536
382,1.9041524919537176,32.15664518268445,26.998154697279112,1,1,4.221109163138536
383,1.8984400344778565,32.15664518268445,26.998154697279112,0,0,4.221109163138536
384,1.8927447143744227,30.99906638789325,26.998154697279112,1,0,4.221109163138536
385,1.8870664802312995,31.98325807789674,26.998154697279112,1,1,4.221109163138536
386,1.8814052807906059,31.98325807789674,26.998154697279112,0,0,4.221109163138536
387,1.875761064948234,30.99906638789325,26.998154697279112,1,0,4.221109163138536
388,1.8701337817533892,30.99906638789325,26.998154697279112,0,0,4.221109163138536
389,1.8645233804081291,30.99906638789325,26.998154697279112,0,0,4.221109163138536
390,1.8589298102669047,30.999066387893244,26.998154697279112,1,0,4.221109163138536
391,1.853353020836104,30.99906638789325,26.998154697279112,1,1,4.221109163138536
392,1.8477929617735955,30.99906638789325,26.998154697279112,0,0,4.221109163138536
393,1.8422495828882748,30.99906638789325,26.998154697279112,0,0,4.221109163138536
394,1.83672283413961,30.28812004093629,26.998154697279112,1,0,4.221109163138536
395,1.8312126656371912,30.28812004093629,26.998154697279112,0,0,4.221109163138536
396,1.8257190276402795,30.28812004093629,26.998154697279112,0,0,4.221109163138536
397,1.8202418705573586,30.28812004093629,26.998154697279112,0,0,4.221109163138536
398,1.8147811449456865,30.28812004093629,26.998154697279112,0,0,4.221109163138536
399,1.8093368015108497,30.28812004093629,26.998154697279112,0,0,4.221109163138536
400,1.8039087911063172,30.28812004093629,26.998154697279112,0,0,4.221109163138536
401,1.7984970647329979,30.28812004093629,26.998154697279112,0,0,4.221109163138536
402,1.793101573538799,33.01393055459401,26.998154697279112,1,1,4.221109163138536
403,1.7877222688181829,33.01393055459401,26.998154697279112,0,0,4.221109163138536
404,1.7823591020117282,36.67732081123917,26.998154697279112,1,1,4.221109163138536
405,1.777012024705693,36.67732081123917,26.998154697279112,0,0,4.221109163138536
406,1.7716809886315759,37.18208245375067,26.998154697279112,1,1,4.221109163138536
407,1.7663659456656813,36.67732081123917,26.998154697279112,1,0,4.221109163138536
408,1.7610668478286842,36.67732081123917,26.998154697279112,0,0,4.221109163138536
409,1.755783647285198,35.13711077932807,26.998154697279112,1,0,4.221109163138536
410,1.7505162963433425,35.13711077932807,26.998154697279112,0,0,4.221109163138536
411,1.7452647474543124,35.13711077932807,26.998154697279112,0,0,4.221109163138536
412,1.7400289532119495,35.13711077932807,26.998154697279112,0,0,4.221109163138536
413,1.7348088663523136,35.204063544698165,26.998154697279112,1,1,4.221109163138536
414,1.7296044397532566,35.204063544698165,26.998154697279112,0,0,4.221109163138536
415,1.7244156264339967,33.946177301238784,26.998154697279112,1,0,4.221109163138536
416,1.7192423795546947,33.946177301238784,26.998154697279112,0,0,4.221109163138536
417,1.7140846524160307,33.946177301238784,26.998154697279112,0,0,4.221109163138536
418,1.7089423984587824,33.946177301238784,26.998154697279112,0,0,4.221109163138536
419,1.7038155712634062,33.946177301238784,26.998154697279112,0,0,4.221109163138536
420,1.698704124549616,33.946177301238784,26.998154697279112,0,0,4.221109163138536
421,1.6936080121759673,33.946177301238784,26.998154697279112,0,0,4.221109163138536
422,1.6885271881394393,35.48638733314987,26.998154697279112,1,1,4.221109163138536
423,1.6834616065750208,35.93105596882094,26.998154697279112,1,1,4.221109163138536
424,1.678411221755296,35.93105596882094,26.998154697279112,0,0,4.221109163138536
425,1.6733759880900299,35.93105596882094,26.998154697279112,0,0,4.221109163138536
426,1.6683558601257598,35.48638733314987,26.998154697279112,1,0,4.221109163138536
427,1.6633507925453825,37.70592870216611,26.998154697279112,1,1,4.221109163138536
428,1.6583607401677463,37.70592870216611,26.998154697279112,0,0,4.221109163138536
429,1.6533856579472435,37.70592870216611,26.998154697279112,0,0,4.221109163138536
430,1.6484255009734015,37.70592870216611,26.998154697279112,0,0,4.221109163138536
431,1.6434802244704811,37.70592870216611,26.998154697279112,0,0,4.221109163138536
432,1.6385497837970697,37.179695579252666,26.998154697279112,1,0,4.221109163138536
433,1.6336341344456786,37.179695579252666,26.998154697279112,0,0,4.221109163138536
434,1.6287332320423413,37.179695579252666,26.998154697279112,0,0,4.221109163138536
435,1.6238470323462146,34.96015421023643,26.998154697279112,1,0,4.221109163138536
436,1.618975491249176,34.96015421023643,26.998154697279112,0,0,4.221109163138536
437,1.6141185647754284,34.96015421023643,26.998154697279112,0,0,4.221109163138536
438,1.6092762090811021,34.96015421023643,26.998154697279112,0,0,4.221109163138536
439,1.6044483804538587,34.96015421023643,26.998154697279112,0,0,4.221109163138536
440,1.599635035312497,34.96015421023643,26.998154697279112,0,0,4.221109163138536
441,1.5948361302065597,34.96015421023643,26.998154697279112,0,0,4.221109163138536
442,1.59005162181594,34.96015421023643,26.998154697279112,0,0,4.221109163138536
443,1.5852814669504922,34.96015421023643,26.998154697279112,0,0,4.221109163138536
444,1.580525622549641,34.96015421023643,26.998154697279112,0,0,4.221109163138536
445,1.575784045681992,34.96015421023643,26.998154697279112,0,0,4.221109163138536
446,1.571056693544946,34.96015421023643,26.998154697279112,0,0,4.221109163138536
447,1.5663435234643108,34.96015421023643,26.998154697279112,0,0,4.221109163138536
448,1.561644492893918,34.96015421023643,26.998154697279112,0,0,4.221109163138536
449,1.5569595594152361,34.96015421023643,26.998154697279112,0,0,4.221109163138536
450,1.5522886807369907,34.96015421023643,26.998154697279112,0,0,4.221109163138536
451,1.5476318146947796,34.96015421023643,26.998154697279112,0,0,4.221109163138536
452,1.5429889192506951,33.78626587941755,26.998154697279112,1,0,4.221109163138536
453,1.5383599524929432,35.59748115068911,26.998154697279112,1,1,4.221109163138536
454,1.5337448726354643,35.59748115068911,26.998154697279112,0,0,4.221109163138536
455,1.5291436380175578,35.59748115068911,26.998154697279112,0,0,4.221109163138536
456,1.524556207103505,35.59748115068911,26.998154697279112,0,0,4.221109163138536
457,1.5199825384821948,33.04532238644862,26.998154697279112,1,0,4.221109163138536
458,1.5154225908667482,35.311683562531925,26.998154697279112,1,1,4.221109163138536
459,1.510876323094148,35.311683562531925,26.998154697279112,0,0,4.221109163138536
460,1.5063436941248656,35.311683562531925,26.998154697279112,0,0,4.221109163138536
461,1.5018246630424907,35.311683562531925,26.998154697279112,0,0,4.221109163138536
462,1.4973191890533635,33.04532238644862,26.998154697279112,1,0,4.221109163138536
463,1.4928272314862032,33.04532238644862,26.998154697279112,0,0,4.221109163138536
464,1.4883487497917447,33.04532238644862,26.998154697279112,0,0,4.221109163138536
465,1.4838837035423693,33.767350116845286,26.998154697279112,1,1,4.221109163138536
466,1.4794320524317424,35.96113172447389,26.998154697279112,1,1,4.221109163138536
467,1.474993756274447,35.99203929049876,26.998154697279112,1,1,4.221109163138536
468,1.4705687750056238,35.99203929049876,26.998154697279112,0,0,4.221109163138536
469,1.466157068680607,35.99203929049876,26.998154697279112,0,0,4.221109163138536
470,1.461758597474565,34.5220432105479,26.998154697279112,1,0,4.221109163138536
471,1.4573733216821414,32.69365567071972,26.998154697279112,1,0,4.221109163138536
472,1.4530012017170948,30.499874063091113,26.998154697279112,1,0,4.221109163138536
473,1.4486421981119435,31.52005345433894,26.998154697279112,1,1,4.221109163138536
474,1.4442962715176078,31.52005345433894,26.998154697279112,0,0,4.221109163138536
475,1.4399633827030551,31.52005345433894,26.998154697279112,0,0,4.221109163138536
476,1.4356434925549457,31.520053454338942,26.998154697279112,1,1,4.221109163138536
477,1.431336562077281,32.89139851304044,26.998154697279112,1,1,4.221109163138536
478,1.427042552391049,31.734466870192055,26.998154697279112,1,0,4.221109163138536
479,1.422761424733876,30.358677268852826,26.998154697279112,1,0,4.221109163138536
480,1.4184931404596743,30.358677268852826,26.998154697279112,0,0,4.221109163138536
481,1.4142376610382952,30.358677268852826,26.998154697279112,0,0,4.221109163138536
482,1.4099949480551803,30.358677268852826,26.998154697279112,0,0,4.221109163138536
483,1.4057649632110147,26.580633621297594,26.580633621297594,1,0,3.803588087157017
484,1.401547668321382,26.580633621297594,26.580633621297594,0,0,3.803588087157017
485,1.3973430253164176,26.580633621297594,26.580633621297594,0,0,3.803588087157017
486,1.3931509962404685,26.580633621297594,26.580633621297594,0,0,3.803588087157017
487,1.3889715432517469,26.580633621297594,26.580633621297594,0,0,3.803588087157017
488,1.3848046286219917,26.580633621297594,26.580633621297594,0,0,3.803588087157017
489,1.3806502147361257,26.580633621297594,26.580633621297594,0,0,3.803588087157017
490,1.3765082640919175,26.580633621297594,26.580633621297594,0,0,3.803588087157017
491,1.3723787392996416,27.325827877183396,26.580633621297594,1,1,3.803588087157017
492,1.3682616030817427,27.325827877183396,26.580633621297594,0,0,3.803588087157017
493,1.3641568182724975,28.443293003753997,26.580633621297594,1,1,3.803588087157017
494,1.36006434781768,28.443293003753997,26.580633621297594,0,0,3.803588087157017
495,1.3559841547742268,28.443293003753997,26.580633621297594,0,0,3.803588087157017
496,1.3519162023099043,28.443293003753997,26.580633621297594,0,0,3.803588087157017
497,1.3478604537029746,28.443293003753997,26.580633621297594,0,0,3.803588087157017
498,1.3438168723418655,27.365980159337578,26.580633621297594,1,0,3.803588087157017
499,1.33978542172484,27.365980159337578,26.580633621297594,0,0,3.803588087157017
500,1.3357660654596655,27.365980159337578,26.580633621297594,0,0,3.803588087157017
501,1.3317587672632865,27.365980159337578,26.580633621297594,0,0,3.803588087157017
502,1.3277634909614966,27.365980159337578,26.580633621297594,0,0,3.803588087157017
503,1.3237802004886121,27.365980159337578,26.580633621297594,0,0,3.803588087157017
504,1.3198088598871462,27.365980159337578,26.580633621297594,0,0,3.803588087157017
505,1.3158494333074848,27.365980159337578,26.580633621297594,0,0,3.803588087157017
506,1.3119018850075626,27.365980159337578,26.580633621297594,0,0,3.803588087157017
507,1.3079661793525397,27.365980159337578,26.580633621297594,0,0,3.803588087157017
508,1.3040422808144823,27.365980159337578,26.580633621297594,0,0,3.803588087157017
509,1.3001301539720387,27.365980159337578,26.580633621297594,0,0,3.803588087157017
510,1.2962297635101225,27.365980159337578,26.580633621297594,0,0,3.803588087157017
511,1.2923410742195922,27.365980159337578,26.580633621297594,0,0,3.803588087157017
512,1.2884640509969332,30.519356322922718,26.580633621297594,1,1,3.803588087157017
513,1.2845986588439424,27.365980159337578,26.580633621297594,1,0,3.803588087157017
514,1.2807448628674107,26.62078590345177,26.580633621297594,1,0,3.803588087157017
515,1.2769026282788085,26.62078590345177,26.580633621297594,0,0,3.803588087157017
516,1.273071920393972,26.62078590345177,26.580633621297594,0,0,3.803588087157017
517,1.2692527046327902,26.62078590345177,26.580633621297594,0,0,3.803588087157017
518,1.2654449465188917,26.62078590345177,26.580633621297594,0,0,3.803588087157017
519,1.261648611679335,26.62078590345177,26.580633621297594,0,0,3.803588087157017
520,1.257863665844297,26.62078590345177,26.580633621297594,0,0,3.803588087157017
521,1.254090074846764,27.365980159337578,26.580633621297594,1,1,3.803588087157017
522,1.250327804622224,27.365980159337578,26.580633621297594,0,0,3.803588087157017
523,1.2465768212083572,27.365980159337578,26.580633621297594,0,0,3.803588087157017
524,1.2428370907447321,27.365980159337578,26.580633621297594,0,0,3.803588087157017
525,1.2391085794724979,28.49489549893271,26.580633621297594,1,1,3.803588087157017
526,1.2353912537340805,28.49489549893271,26.580633621297594,0,0,3.803588087157017
527,1.2316850799728782,28.49489549893271,26.580633621297594,0,0,3.803588087157017
528,1.2279900247329596,28.49489549893271,26.580633621297594,0,0,3.803588087157017
529,1.2243060546587607,28.49489549893271,26.580633621297594,0,0,3.803588087157017
530,1.2206331364947844,28.49489549893271,26.580633621297594,0,0,3.803588087157017
531,1.2169712370853,28.49489549893271,26.580633621297594,0,0,3.803588087157017
532,1.2133203233740442,28.494895498932713,26.580633621297594,1,1,3.803588087157017
533,1.209680362403922,28.494895498932713,26.580633621297594,0,0,3.803588087157017
534,1.2060513213167103,28.494895498932713,26.580633621297594,0,0,3.803588087157017
535,1.2024331673527602,28.494895498932713,26.580633621297594,0,0,3.803588087157017
536,1.1988258678507018,28.494895498932713,26.580633621297594,0,0,3.803588087157017
537,1.1952293902471498,31.29434347134228,26.580633621297594,1,1,3.803588087157017
538,1.1916437020764081,31.29434347134228,26.580633621297594,0,0,3.803588087157017
539,1.188068770970179,33.33323527101993,26.580633621297594,1,1,3.803588087157017
540,1.1845045646572685,33.33323527101993,26.580633621297594,0,0,3.803588087157017
541,1.1809510509632968,33.33323527101993,26.580633621297594,0,0,3.803588087157017
542,1.1774081978104067,33.33323527101993,26.580633621297594,0,0,3.803588087157017
543,1.1738759732169757,33.33323527101993,26.580633621297594,0,0,3.803588087157017
544,1.1703543452973246,33.33323527101993,26.580633621297594,1,0,3.803588087157017
545,1.1668432822614325,33.33323527101993,26.580633621297594,0,0,3.803588087157017
546,1.1633427524146485,33.33323527101993,26.580633621297594,0,0,3.803588087157017
547,1.1598527241574044,33.33323527101993,26.580633621297594,1,0,3.803588087157017
548,1.1563731659849323,33.33323527101993,26.580633621297594,0,0,3.803588087157017
549,1.1529040464869773,33.33323527101993,26.580633621297594,0,0,3.803588087157017
550,1.1494453343475164,33.58793544379311,26.580633621297594,1,1,3.803588087157017
551,1.145996998344474,33.58793544379311,26.580633621297594,0,0,3.803588087157017
552,1.1425590073494405,33.58793544379311,26.580633621297594,0,0,3.803588087157017
553,1.1391313303273922,33.58793544379311,26.580633621297594,0,0,3.803588087157017
554,1.13571393633641,34.61654333472005,26.580633621297594,1,1,3.803588087157017
555,1.1323067945274008,34.61654333472005,26.580633621297594,0,0,3.803588087157017
556,1.1289098741438184,34.61654333472005,26.580633621297594,0,0,3.803588087157017
557,1.1255231445213871,34.61654333472005,26.580633621297594,0,0,3.803588087157017
558,1.122146575087823,36.539625369259504,26.580633621297594,1,1,3.803588087157017
559,1.1187801353625595,36.539625369259504,26.580633621297594,0,0,3.803588087157017
560,1.1154237949564718,36.539625369259504,26.580633621297594,0,0,3.803588087157017
561,1.1120775235716023,36.28492519648633,26.580633621297594,1,0,3.803588087157017
562,1.1087412910008876,36.28492519648633,26.580633621297594,0,0,3.803588087157017
563,1.1054150671278848,36.28492519648633,26.580633621297594,0,0,3.803588087157017
564,1.1020988219265013,33.730334063374826,26.580633621297594,1,0,3.803588087157017
565,1.0987925254607216,33.730334063374826,26.580633621297594,0,0,3.803588087157017
566,1.0954961478843395,33.730334063374826,26.580633621297594,0,0,3.803588087157017
567,1.0922096594406865,33.730334063374826,26.580633621297594,0,0,3.803588087157017
568,1.0889330304623643,33.730334063374826,26.580633621297594,0,0,3.803588087157017
569,1.0856662313709773,33.730334063374826,26.580633621297594,0,0,3.803588087157017
570,1.0824092326768644,33.730334063374826,26.580633621297594,0,0,3.803588087157017
571,1.0791620049788337,33.730334063374826,26.580633621297594,0,0,3.803588087157017
572,1.0759245189638973,33.730334063374826,26.580633621297594,1,0,3.803588087157017
573,1.0726967454070055,33.730334063374826,26.580633621297594,0,0,3.803588087157017
574,1.0694786551707847,36.615940495213415,26.580633621297594,1,1,3.803588087157017
575,1.0662702192052722,35.58733260428647,26.580633621297594,1,0,3.803588087157017
576,1.0630714085476565,35.089640003750226,26.580633621297594,1,0,3.803588087157017
577,1.0598821943220136,35.089640003750226,26.580633621297594,0,0,3.803588087157017
578,1.0567025477390475,35.089640003750226,26.580633621297594,0,0,3.803588087157017
579,1.0535324400958304,35.089640003750226,26.580633621297594,0,0,3.803588087157017
580,1.0503718427755426,33.76054867041002,26.580633621297594,1,0,3.803588087157017
581,1.047220727247216,33.76054867041002,26.580633621297594,0,0,3.803588087157017
582,1.0440790650654745,33.76054867041002,26.580633621297594,0,0,3.803588087157017
583,1.040946827870278,33.76054867041002,26.580633621297594,0,0,3.803588087157017
584,1.0378239873866673,35.657118020801555,26.580633621297594,1,1,3.803588087157017
585,1.0347105154245073,36.221763386707906,26.580633621297594,1,1,3.803588087157017
586,1.0316063838782337,36.221763386707906,26.580633621297594,0,0,3.803588087157017
587,1.028511564726599,36.088497080591985,26.580633621297594,1,0,3.803588087157017
588,1.0254260300324192,36.088497080591985,26.580633621297594,0,0,3.803588087157017
589,1.022349751942322,36.088497080591985,26.580633621297594,0,0,3.803588087157017
590,1.019282702686495,36.088497080591985,26.580633621297594,0,0,3.803588087157017
591,1.0162248545784356,36.088497080591985,26.580633621297594,0,0,3.803588087157017
592,1.0131761800147001,36.088497080591985,26.580633621297594,0,0,3.803588087157017
593,1.0101366514746561,36.088497080591985,26.580633621297594,0,0,3.803588087157017
594,1.007106241520232,33.15001293318643,26.580633621297594,1,0,3.803588087157017
595,1.0040849227956714,32.14682686250022,26.580633621297594,1,0,3.803588087157017
596,1.0010726680272843,32.14682686250022,26.580633621297594,0,0,3.803588087157017
597,0.9980694500232026,32.14682686250023,26.580633621297594,1,1,3.803588087157017
598,0.9950752416731328,32.14682686250023,26.580633621297594,0,0,3.803588087157017
599,0.9920900159481136,32.14682686250023,26.580633621297594,0,0,3.803588087157017
600,0.9891137459002692,32.14682686250023,26.580633621297594,0,0,3.803588087157017
601,0.9861464046625683,32.14682686250023,26.580633621297594,0,0,3.803588087157017
602,0.9831879654485806,32.14682686250023,26.580633621297594,0,0,3.803588087157017
603,0.980238401552235,32.14682686250023,26.580633621297594,0,0,3.803588087157017
604,0.9772976863475782,30.118514346675187,26.580633621297594,1,0,3.803588087157017
605,0.9743657932885355,30.563182982346262,26.580633621297594,1,1,3.803588087157017
606,0.9714426959086698,30.56318298234626,26.580633621297594,1,0,3.803588087157017
607,0.9685283678209439,30.56318298234626,26.580633621297594,0,0,3.803588087157017
608,0.965622782717481,30.118514346675187,26.580633621297594,1,0,3.803588087157017
609,0.9627259143693285,31.376400590134573,26.580633621297594,1,1,3.803588087157017
610,0.9598377366262205,33.06579052041249,26.580633621297594,1,1,3.803588087157017
611,0.9569582234163418,32.81109034763932,26.580633621297594,1,0,3.803588087157017
612,0.9540873487460928,32.81109034763932,26.580633621297594,0,0,3.803588087157017
613,0.9512250866998546,32.81109034763932,26.580633621297594,0,0,3.803588087157017
614,0.948371411439755,33.39308994388437,26.580633621297594,1,1,3.803588087157017
615,0.9455262972054357,33.39308994388437,26.580633621297594,1,0,3.803588087157017
616,0.9426897183138194,31.390224042549463,26.580633621297594,1,0,3.803588087157017
617,0.9398616491588779,31.390224042549463,26.580633621297594,0,0,3.803588087157017
618,0.9370420642114012,31.804664659205194,26.580633621297594,1,1,3.803588087157017
619,0.9342309380187672,32.86572350065412,26.580633621297594,1,1,3.803588087157017
620,0.9314282452047108,29.41921477115924,26.580633621297594,1,0,3.803588087157017
621,0.9286339604690967,29.41921477115924,26.580633621297594,0,0,3.803588087157017
622,0.9258480585876894,29.41921477115924,26.580633621297594,0,0,3.803588087157017
623,0.9230705144119262,29.41921477115924,26.580633621297594,0,0,3.803588087157017
624,0.9203013028686905,25.940782577548934,25.940782577548934,1,0,3.163737043408357
625,0.9175403989600844,25.940782577548934,25.940782577548934,0,0,3.163737043408357
626,0.9147877777632042,25.940782577548934,25.940782577548934,0,0,3.163737043408357
627,0.9120434144299145,25.940782577548934,25.940782577548934,0,0,3.163737043408357
628,0.9093072841866248,25.940782577548934,25.940782577548934,0,0,3.163737043408357
629,0.906579362334065,25.940782577548934,25.940782577548934,0,0,3.163737043408357
630,0.9038596242470629,25.940782577548934,25.940782577548934,0,0,3.163737043408357
631,0.9011480453743215,25.940782577548934,25.940782577548934,0,0,3.163737043408357
632,0.8984446012381987,25.940782577548934,25.940782577548934,0,0,3.163737043408357
633,0.895749267434484,25.940782577548934,25.940782577548934,0,0,3.163737043408357
634,0.8930620196321806,25.940782577548937,25.940782577548934,1,1,3.163737043408357
635,0.8903828335732841,25.940782577548937,25.940782577548934,0,0,3.163737043408357
636,0.8877116850725641,25.940782577548937,25.940782577548934,0,0,3.163737043408357
637,0.8850485500173465,25.940782577548937,25.940782577548934,0,0,3.163737043408357
638,0.8823934043672944,25.940782577548937,25.940782577548934,0,0,3.163737043408357
639,0.8797462241541925,23.721241208532696,23.721241208532696,1,0,0.9441956743921196
640,0.87710698548173,23.721241208532696,23.721241208532696,0,0,0.9441956743921196
641,0.8744756645252847,23.721241208532696,23.721241208532696,0,0,0.9441956743921196
642,0.871852237531709,23.721241208532696,23.721241208532696,0,0,0.9441956743921196
643,0.8692366808191139,23.721241208532696,23.721241208532696,0,0,0.9441956743921196
644,0.8666289707766565,23.721241208532696,23.721241208532696,0,0,0.9441956743921196
645,0.8640290838643265,23.721241208532696,23.721241208532696,0,0,0.9441956743921196
646,0.8614369966127334,23.721241208532696,23.721241208532696,0,0,0.9441956743921196
647,0.8588526856228953,23.721241208532696,23.721241208532696,0,0,0.9441956743921196
648,0.8562761275660267,23.721241208532696,23.721241208532696,0,0,0.9441956743921196
649,0.8537072991833285,23.721241208532696,23.721241208532696,0,0,0.9441956743921196
650,0.8511461772857785,22.777045534140584,22.777045534140584,1,0,7.105427357601002e-15
651,0.8485927387539212,22.777045534140584,22.777045534140584,0,0,7.105427357601002e-15
652,0.8460469605376595,22.777045534140584,22.777045534140584,0,0,7.105427357601002e-15
653,0.8435088196560465,22.777045534140584,22.777045534140584,0,0,7.105427357601002e-15
654,0.8409782931970784,22.777045534140584,22.777045534140584,1,0,7.105427357601002e-15
655,0.8384553583174872,22.777045534140584,22.777045534140584,1,0,7.105427357601002e-15
656,0.8359399922425346,22.777045534140584,22.777045534140584,1,0,7.105427357601002e-15
657,0.8334321722658071,22.777045534140584,22.777045534140584,0,0,7.105427357601002e-15
658,0.8309318757490096,22.777045534140584,22.777045534140584,0,0,7.105427357601002e-15
659,0.8284390801217625,22.777045534140584,22.777045534140584,0,0,7.105427357601002e-15
660,0.8259537628813973,22.777045534140584,22.777045534140584,0,0,7.105427357601002e-15
661,0.8234759015927531,22.777045534140584,22.777045534140584,0,0,7.105427357601002e-15
662,0.8210054738879747,22.777045534140584,22.777045534140584,0,0,7.105427357601002e-15
663,0.8185424574663108,22.777045534140584,22.777045534140584,0,0,7.105427357601002e-15
664,0.816086830093912,22.777045534140584,22.777045534140584,0,0,7.105427357601002e-15
665,0.8136385696036302,22.777045534140584,22.777045534140584,0,0,7.105427357601002e-15
666,0.8111976538948193,22.777045534140584,22.777045534140584,0,0,7.105427357601002e-15
667,0.8087640609331348,22.777045534140584,22.777045534140584,0,0,7.105427357601002e-15
668,0.8063377687503355,22.777045534140584,22.777045534140584,0,0,7.105427357601002e-15
669,0.8039187554440843,22.777045534140584,22.777045534140584,0,0,7.105427357601002e-15
670,0.8015069991777521,22.777045534140584,22.777045534140584,0,0,7.105427357601002e-15
671,0.799102478180219,22.777045534140584,22.777045534140584,0,0,7.105427357601002e-15
672,0.7967051707456783,22.777045534140584,22.777045534140584,0,0,7.105427357601002e-15
673,0.7943150552334413,22.777045534140584,22.777045534140584,0,0,7.105427357601002e-15
674,0.791932110067741,22.777045534140584,22.777045534140584,0,0,7.105427357601002e-15
675,0.7895563137375378,22.777045534140584,22.777045534140584,0,0,7.105427357601002e-15
676,0.7871876447963251,22.777045534140584,22.777045534140584,1,0,7.105427357601002e-15
677,0.784826081861936,22.777045534140584,22.777045534140584,0,0,7.105427357601002e-15
678,0.7824716036163503,22.777045534140584,22.777045534140584,0,0,7.105427357601002e-15
679,0.7801241888055013,22.777045534140584,22.777045534140584,1,0,7.105427357601002e-15
680,0.7777838162390847,22.777045534140584,22.777045534140584,0,0,7.105427357601002e-15
681,0.7754504647903674,22.777045534140584,22.777045534140584,0,0,7.105427357601002e-15
682,0.7731241133959964,22.777045534140584,22.777045534140584,0,0,7.105427357601002e-15
683,0.7708047410558083,22.777045534140584,22.777045534140584,0,0,7.105427357601002e-15
684,0.7684923268326409,22.777045534140584,22.777045534140584,0,0,7.105427357601002e-15
685,0.7661868498521431,22.777045534140584,22.777045534140584,0,0,7.105427357601002e-15
686,0.7638882893025865,22.777045534140584,22.777045534140584,0,0,7.105427357601002e-15
687,0.7615966244346788,22.777045534140584,22.777045534140584,1,0,7.105427357601002e-15
688,0.7593118345613749,22.777045534140584,22.777045534140584,1,0,7.105427357601002e-15
689,0.7570338990576906,22.777045534140584,22.777045534140584,0,0,7.105427357601002e-15
690,0.7547627973605175,22.777045534140584,22.777045534140584,0,0,7.105427357601002e-15
691,0.752498508968436,22.777045534140584,22.777045534140584,0,0,7.105427357601002e-15
692,0.7502410134415307,22.777045534140584,22.777045534140584,0,0,7.105427357601002e-15
693,0.7479902904012061,22.777045534140584,22.777045534140584,0,0,7.105427357601002e-15
694,0.7457463195300025,22.777045534140584,22.777045534140584,0,0,7.105427357601002e-15
695,0.7435090805714125,22.777045534140584,22.777045534140584,0,0,7.105427357601002e-15
696,0.7412785533296983,22.777045534140584,22.777045534140584,0,0,7.105427357601002e-15
697,0.7390547176697092,22.777045534140584,22.777045534140584,0,0,7.105427357601002e-15
698,0.7368375535167,22.777045534140584,22.777045534140584,0,0,7.105427357601002e-15
699,0.7346270408561499,22.777045534140584,22.777045534140584,0,0,7.105427357601002e-15
700,0.7324231597335814,22.777045534140584,22.777045534140584,1,0,7.105427357601002e-15
701,0.7302258902543808,22.777045534140584,22.777045534140584,0,0,7.105427357601002e-15
702,0.7280352125836176,22.777045534140584,22.777045534140584,0,0,7.105427357601002e-15
703,0.7258511069458667,22.777045534140584,22.777045534140584,0,0,7.105427357601002e-15
704,0.7236735536250292,22.777045534140584,22.777045534140584,0,0,7.105427357601002e-15
705,0.721502532964154,22.777045534140584,22.777045534140584,0,0,7.105427357601002e-15
706,0.7193380253652616,22.777045534140584,22.777045534140584,0,0,7.105427357601002e-15
707,0.7171800112891658,22.777045534140584,22.777045534140584,0,0,7.105427357601002e-15
708,0.7150284712552983,24.996586903156825,22.777045534140584,1,1,7.105427357601002e-15
709,0.7128833858415323,24.996586903156825,22.777045534140584,0,0,7.105427357601002e-15
710,0.7107447356840078,24.996586903156825,22.777045534140584,0,0,7.105427357601002e-15
711,0.7086125014769558,24.996586903156825,22.777045534140584,0,0,7.105427357601002e-15
712,0.7064866639725249,24.996586903156825,22.777045534140584,0,0,7.105427357601002e-15
713,0.7043672039806073,24.996586903156825,22.777045534140584,0,0,7.105427357601002e-15
714,0.7022541023686655,24.996586903156825,22.777045534140584,0,0,7.105427357601002e-15
715,0.7001473400615594,24.996586903156825,22.777045534140584,0,0,7.105427357601002e-15
716,0.6980468980413749,24.996586903156825,22.777045534140584,0,0,7.105427357601002e-15
717,0.6959527573472507,24.996586903156825,22.777045534140584,0,0,7.105427357601002e-15
718,0.693864899075209,24.996586903156825,22.777045534140584,0,0,7.105427357601002e-15
719,0.6917833043779833,24.996586903156825,22.777045534140584,0,0,7.105427357601002e-15
720,0.6897079544648493,24.996586903156825,22.777045534140584,0,0,7.105427357601002e-15
721,0.6876388306014548,24.996586903156825,22.777045534140584,0,0,7.105427357601002e-15
722,0.6855759141096505,24.996586903156825,22.777045534140584,0,0,7.105427357601002e-15
723,0.6835191863673215,24.996586903156825,22.777045534140584,0,0,7.105427357601002e-15
724,0.6814686288082195,25.94078257754894,22.777045534140584,1,1,7.105427357601002e-15
725,0.6794242229217948,25.94078257754894,22.777045534140584,0,0,7.105427357601002e-15
726,0.6773859502530295,25.94078257754894,22.777045534140584,0,0,7.105427357601002e-15
727,0.6753537924022703,25.94078257754894,22.777045534140584,0,0,7.105427357601002e-15
728,0.6733277310250636,25.94078257754894,22.777045534140584,0,0,7.105427357601002e-15
729,0.6713077478319884,25.94078257754894,22.777045534140584,0,0,7.105427357601002e-15
730,0.6692938245884924,25.94078257754894,22.777045534140584,0,0,7.105427357601002e-15
731,0.6672859431147269,25.94078257754894,22.777045534140584,0,0,7.105427357601002e-15
732,0.6652840852853827,24.996586903156818,22.777045534140584,1,0,7.105427357601002e-15
733,0.6632882330295267,24.996586903156818,22.777045534140584,0,0,7.105427357601002e-15
734,0.6612983683304381,24.996586903156818,22.777045534140584,0,0,7.105427357601002e-15
735,0.6593144732254467,24.996586903156818,22.777045534140584,0,0,7.105427357601002e-15
736,0.6573365298057703,24.996586903156818,22.777045534140584,0,0,7.105427357601002e-15
737,0.655364520216353,24.996586903156818,22.777045534140584,0,0,7.105427357601002e-15
738,0.653398426655704,24.996586903156818,22.777045534140584,0,0,7.105427357601002e-15
739,0.6514382313757369,26.053959022887,22.777045534140584,1,1,7.105427357601002e-15
740,0.6494839166816097,26.053959022887,22.777045534140584,0,0,7.105427357601002e-15
741,0.6475354649315649,26.053959022887,22.777045534140584,0,0,7.105427357601002e-15
742,0.6455928585367702,26.053959022887,22.777045534140584,0,0,7.105427357601002e-15
743,0.6436560799611598,26.053959022887,22.777045534140584,0,0,7.105427357601002e-15
744,0.6417251117212763,26.053959022887,22.777045534140584,0,0,7.105427357601002e-15
745,0.6397999363861124,26.053959022887,22.777045534140584,0,0,7.105427357601002e-15
746,0.6378805365769542,26.053959022887,22.777045534140584,0,0,7.105427357601002e-15
747,0.6359668949672233,26.053959022887,22.777045534140584,0,0,7.105427357601002e-15
748,0.6340589942823216,26.053959022887,22.777045534140584,0,0,7.105427357601002e-15
749,0.6321568172994747,26.053959022887,22.777045534140584,0,0,7.105427357601002e-15
750,0.6302603468475763,26.053959022887,22.777045534140584,0,0,7.105427357601002e-15
751,0.6283695658070335,26.053959022886993,22.777045534140584,1,0,7.105427357601002e-15
752,0.6264844571096124,26.053959022886993,22.777045534140584,0,0,7.105427357601002e-15
753,0.6246050037382835,26.053959022886993,22.777045534140584,0,0,7.105427357601002e-15
754,0.6227311887270688,26.053959022886993,22.777045534140584,0,0,7.105427357601002e-15
755,0.6208629951608875,26.053959022886993,22.777045534140584,0,0,7.105427357601002e-15
756,0.6190004061754049,26.053959022886993,22.777045534140584,0,0,7.105427357601002e-15
757,0.6171434049568786,26.053959022886993,22.777045534140584,0,0,7.105427357601002e-15
758,0.615291974742008,26.053959022886993,22.777045534140584,1,0,7.105427357601002e-15
759,0.6134460988177819,26.053959022886993,22.777045534140584,0,0,7.105427357601002e-15
760,0.6116057605213286,26.053959022886993,22.777045534140584,0,0,7.105427357601002e-15
761,0.6097709432397647,26.053959022886993,22.777045534140584,1,0,7.105427357601002e-15
762,0.6079416304100453,26.053959022886993,22.777045534140584,0,0,7.105427357601002e-15
763,0.6061178055188152,26.053959022886993,22.777045534140584,0,0,7.105427357601002e-15
764,0.6042994521022587,26.053959022886993,22.777045534140584,0,0,7.105427357601002e-15
765,0.602486553745952,26.053959022886993,22.777045534140584,0,0,7.105427357601002e-15
766,0.6006790940847141,26.053959022886993,22.777045534140584,0,0,7.105427357601002e-15
767,0.59887705680246,26.053959022886993,22.777045534140584,0,0,7.105427357601002e-15
768,0.5970804256320525,26.053959022886993,22.777045534140584,0,0,7.105427357601002e-15
769,0.5952891843551564,26.053959022886993,22.777045534140584,0,0,7.105427357601002e-15
770,0.593503316802091,26.053959022886993,22.777045534140584,0,0,7.105427357601002e-15
771,0.5917228068516847,26.053959022886993,22.777045534140584,0,0,7.105427357601002e-15
772,0.5899476384311296,26.053959022886993,22.777045534140584,0,0,7.105427357601002e-15
773,0.5881777955158363,26.053959022886993,22.777045534140584,0,0,7.105427357601002e-15
774,0.5864132621292887,26.053959022886993,22.777045534140584,1,0,7.105427357601002e-15
775,0.5846540223429009,26.053959022886993,22.777045534140584,0,0,7.105427357601002e-15
776,0.5829000602758722,26.053959022886993,22.777045534140584,0,0,7.105427357601002e-15
777,0.5811513600950445,26.053959022886993,22.777045534140584,0,0,7.105427357601002e-15
778,0.5794079060147594,26.053959022886993,22.777045534140584,0,0,7.105427357601002e-15
779,0.5776696822967151,24.99658690315682,22.777045534140584,1,0,7.105427357601002e-15
780,0.575936673249825,27.024899418981853,22.777045534140584,1,1,7.105427357601002e-15
781,0.5742088632300755,27.024899418981853,22.777045534140584,0,0,7.105427357601002e-15
782,0.5724862366403853,27.024899418981853,22.777045534140584,0,0,7.105427357601002e-15
783,0.5707687779304642,27.024899418981853,22.777045534140584,0,0,7.105427357601002e-15
784,0.5690564715966727,27.024899418981853,22.777045534140584,0,0,7.105427357601002e-15
785,0.5673493021818827,27.024899418981853,22.777045534140584,0,0,7.105427357601002e-15
786,0.565647254275337,27.024899418981853,22.777045534140584,0,0,7.105427357601002e-15
787,0.563950312512511,25.895984079386718,22.777045534140584,1,0,7.105427357601002e-15
788,0.5622584615749735,25.895984079386718,22.777045534140584,0,0,7.105427357601002e-15
789,0.5605716861902486,25.895984079386718,22.777045534140584,0,0,7.105427357601002e-15
790,0.5588899711316778,25.895984079386718,22.777045534140584,0,0,7.105427357601002e-15
791,0.5572133012182828,25.895984079386718,22.777045534140584,0,0,7.105427357601002e-15
792,0.555541661314628,25.895984079386718,22.777045534140584,0,0,7.105427357601002e-15
793,0.5538750363306841,25.895984079386718,22.777045534140584,0,0,7.105427357601002e-15
794,0.552213411221692,25.895984079386718,22.777045534140584,0,0,7.105427357601002e-15
795,0.5505567709880269,25.895984079386718,22.777045534140584,0,0,7.105427357601002e-15
796,0.5489051006750628,25.895984079386718,22.777045534140584,0,0,7.105427357601002e-15
797,0.5472583853730377,25.895984079386718,22.777045534140584,0,0,7.105427357601002e-15
798,0.5456166102169185,25.895984079386718,22.777045534140584,0,0,7.105427357601002e-15
799,0.5439797603862678,25.895984079386718,22.777045534140584,0,0,7.105427357601002e-15
